staff_id,name,email
STF0101,Dr. Prakash Shetty,prakash.shetty@rvce.edu.in
STF0102,Prof. Ananya Iyer,ananya.iyer@rvce.edu.in
STF0103,Dr. Suresh Bhat,suresh.bhat@rvce.edu.in
STF0104,Prof. Kavitha Rao,kavitha.rao@rvce.edu.in
STF0105,Dr. Nitin Malhotra,nitin.m@rvce.edu.in
STF0106,Prof. Deepa Srinivas,deepa.s@rvce.edu.in
STF0107,Dr. Arjun Patel,arjun.patel@rvce.edu.in
STF0108,Prof. Sneha Kulkarni,sneha.k@rvce.edu.in
STF0109,Dr. Ramesh Iyer,ramesh.iyer@rvce.edu.in
STF0110,Prof. Pavan Kumar R,pavan.kumar@rvce.edu.in
STF0111,Dr. Shalini Menon,shalini.m@rvce.edu.in